Topics,Sub_Topics
"
Packages
",Packages
"
android
",android
"
android.accessibilityservice
",android.accessibilityservice
"
android.accounts
",android.accounts
"
android.adservices
",android.adservices
"
android.adservices.adid
",android.adservices.adid
"
android.adservices.adselection
",android.adservices.adselection
"
android.adservices.appsetid
",android.adservices.appsetid
"
android.adservices.common
",android.adservices.common
"
android.adservices.customaudience
",android.adservices.customaudience
"
android.adservices.exceptions
",android.adservices.exceptions
"
android.adservices.measurement
",android.adservices.measurement
"
android.adservices.topics
",android.adservices.topics
"
android.animation
",android.animation
"
android.annotation
",android.annotation
"
Annotations
",Annotations
"
android.app
",android.app
"
android.app.admin
",android.app.admin
"
android.app.appsearch
",android.app.appsearch
"
android.app.appsearch.exceptions
",android.app.appsearch.exceptions
"
android.app.appsearch.observer
",android.app.appsearch.observer
"
android.app.appsearch.util
",android.app.appsearch.util
"
android.app.assist
",android.app.assist
"
android.app.backup
",android.app.backup
"
android.app.blob
",android.app.blob
"
android.app.job
",android.app.job
"
android.app.people
",android.app.people
"
android.app.role
",android.app.role
"
android.app.sdksandbox
",android.app.sdksandbox
"
android.app.sdksandbox.sdkprovider
",android.app.sdksandbox.sdkprovider
"
android.app.slice
",android.app.slice
"
android.app.usage
",android.app.usage
"
android.appwidget
",android.appwidget
"
android.bluetooth
",android.bluetooth
"
android.bluetooth.le
",android.bluetooth.le
"
android.companion
",android.companion
"
android.companion.virtual
",android.companion.virtual
"
android.content
",android.content
"
android.content.om
",android.content.om
"
android.content.pm
",android.content.pm
"
android.content.pm.verify.domain
",android.content.pm.verify.domain
"
android.content.res
",android.content.res
"
android.content.res.loader
",android.content.res.loader
"
android.credentials
",android.credentials
"
android.database
",android.database
"
android.database.sqlite
",android.database.sqlite
"
android.devicelock
",android.devicelock
"
android.drm
",android.drm
"
android.gesture
",android.gesture
"
android.graphics
",android.graphics
"
android.graphics.drawable
",android.graphics.drawable
"
android.graphics.drawable.shapes
",android.graphics.drawable.shapes
"
android.graphics.fonts
",android.graphics.fonts
"
android.graphics.pdf
",android.graphics.pdf
"
android.graphics.text
",android.graphics.text
"
android.hardware
",android.hardware
"
android.hardware.biometrics
",android.hardware.biometrics
"
android.hardware.camera2
",android.hardware.camera2
"
android.hardware.camera2.params
",android.hardware.camera2.params
"
android.hardware.display
",android.hardware.display
"
android.hardware.fingerprint
",android.hardware.fingerprint
"
android.hardware.input
",android.hardware.input
"
android.hardware.lights
",android.hardware.lights
"
android.hardware.usb
",android.hardware.usb
"
android.health.connect
",android.health.connect
"
android.health.connect.changelog
",android.health.connect.changelog
"
android.health.connect.datatypes
",android.health.connect.datatypes
"
android.health.connect.datatypes.units
",android.health.connect.datatypes.units
"
android.icu.lang
",android.icu.lang
"
android.icu.math
",android.icu.math
"
android.icu.number
",android.icu.number
"
android.icu.text
",android.icu.text
"
android.icu.util
",android.icu.util
"
android.inputmethodservice
",android.inputmethodservice
"
android.location
",android.location
"
android.location.altitude
",android.location.altitude
"
android.location.provider
",android.location.provider
"
android.media
",android.media
"
Annotations
",Annotations
"
android.media.audiofx
",android.media.audiofx
"
android.media.browse
",android.media.browse
"
android.media.effect
",android.media.effect
"
android.media.metrics
",android.media.metrics
"
android.media.midi
",android.media.midi
"
android.media.projection
",android.media.projection
"
android.media.session
",android.media.session
"
android.media.tv
",android.media.tv
"
android.media.tv.interactive
",android.media.tv.interactive
"
android.mtp
",android.mtp
"
android.net
",android.net
"
android.net.eap
",android.net.eap
"
android.net.http
",android.net.http
"
android.net.ipsec.ike
",android.net.ipsec.ike
"
android.net.ipsec.ike.exceptions
",android.net.ipsec.ike.exceptions
"
android.net.nsd
",android.net.nsd
"
android.net.rtp
",android.net.rtp
"
android.net.sip
",android.net.sip
"
android.net.ssl
",android.net.ssl
"
android.net.vcn
",android.net.vcn
"
android.net.wifi
",android.net.wifi
"
android.net.wifi.aware
",android.net.wifi.aware
"
android.net.wifi.hotspot2
",android.net.wifi.hotspot2
"
android.net.wifi.hotspot2.omadm
",android.net.wifi.hotspot2.omadm
"
android.net.wifi.hotspot2.pps
",android.net.wifi.hotspot2.pps
"
android.net.wifi.p2p
",android.net.wifi.p2p
"
android.net.wifi.p2p.nsd
",android.net.wifi.p2p.nsd
"
android.net.wifi.rtt
",android.net.wifi.rtt
"
android.nfc
",android.nfc
"
android.nfc.cardemulation
",android.nfc.cardemulation
"
android.nfc.tech
",android.nfc.tech
"
android.opengl
",android.opengl
"
android.os
",android.os
"
android.os.ext
",android.os.ext
"
android.os.health
",android.os.health
"
android.os.storage
",android.os.storage
"
android.os.strictmode
",android.os.strictmode
"
android.preference
",android.preference
"
android.print
",android.print
"
android.print.pdf
",android.print.pdf
"
android.printservice
",android.printservice
"
android.provider
",android.provider
"
android.renderscript
",android.renderscript
"
android.sax
",android.sax
"
android.se.omapi
",android.se.omapi
"
android.security
",android.security
"
android.security.identity
",android.security.identity
"
android.security.keystore
",android.security.keystore
"
android.service.assist.classification
",android.service.assist.classification
"
android.service.autofill
",android.service.autofill
"
android.service.carrier
",android.service.carrier
"
android.service.chooser
",android.service.chooser
"
android.service.controls
",android.service.controls
"
android.service.controls.actions
",android.service.controls.actions
"
android.service.controls.templates
",android.service.controls.templates
"
android.service.credentials
",android.service.credentials
"
android.service.dreams
",android.service.dreams
"
android.service.media
",android.service.media
"
android.service.notification
",android.service.notification
"
android.service.quickaccesswallet
",android.service.quickaccesswallet
"
android.service.quicksettings
",android.service.quicksettings
"
android.service.restrictions
",android.service.restrictions
"
android.service.textservice
",android.service.textservice
"
android.service.voice
",android.service.voice
"
android.service.vr
",android.service.vr
"
android.service.wallpaper
",android.service.wallpaper
"
android.speech
",android.speech
"
android.speech.tts
",android.speech.tts
"
android.system
",android.system
"
android.telecom
",android.telecom
"
android.telephony
",android.telephony
"
android.telephony.cdma
",android.telephony.cdma
"
android.telephony.data
",android.telephony.data
"
android.telephony.emergency
",android.telephony.emergency
"
android.telephony.euicc
",android.telephony.euicc
"
android.telephony.gsm
",android.telephony.gsm
"
android.telephony.ims
",android.telephony.ims
"
android.telephony.ims.feature
",android.telephony.ims.feature
"
android.telephony.ims.stub
",android.telephony.ims.stub
"
android.telephony.mbms
",android.telephony.mbms
"
android.test
",android.test
"
Annotations
",Annotations
"
Errors
",Errors
"
android.test.mock
",android.test.mock
"
android.test.suitebuilder
",android.test.suitebuilder
"
android.test.suitebuilder.annotation
",android.test.suitebuilder.annotation
"
Annotations
",Annotations
"
android.text
",android.text
"
android.text.format
",android.text.format
"
android.text.method
",android.text.method
"
android.text.style
",android.text.style
"
android.text.util
",android.text.util
"
android.transition
",android.transition
"
android.util
",android.util
"
android.util.proto
",android.util.proto
"
android.view
",android.view
"
Annotations
",Annotations
"
android.view.accessibility
",android.view.accessibility
"
android.view.animation
",android.view.animation
"
android.view.autofill
",android.view.autofill
"
android.view.contentcapture
",android.view.contentcapture
"
android.view.displayhash
",android.view.displayhash
"
android.view.inputmethod
",android.view.inputmethod
"
android.view.inspector
",android.view.inspector
"
android.view.textclassifier
",android.view.textclassifier
"
android.view.textservice
",android.view.textservice
"
android.view.translation
",android.view.translation
"
android.webkit
",android.webkit
"
Annotations
",Annotations
"
android.widget
",android.widget
"
Annotations
",Annotations
"
android.widget.inline
",android.widget.inline
"
android.window
",android.window
"
dalvik.annotation
",dalvik.annotation
"
Annotations
",Annotations
"
dalvik.annotation.optimization
",dalvik.annotation.optimization
"
Annotations
",Annotations
"
dalvik.bytecode
",dalvik.bytecode
"
dalvik.system
",dalvik.system
"
java.awt.font
",java.awt.font
"
java.beans
",java.beans
"
java.io
",java.io
"
Annotations
",Annotations
"
Errors
",Errors
"
java.lang
",java.lang
"
Annotations
",Annotations
"
Errors
",Errors
"
java.lang.annotation
",java.lang.annotation
"
Annotations
",Annotations
"
Errors
",Errors
"
java.lang.invoke
",java.lang.invoke
"
java.lang.ref
",java.lang.ref
"
java.lang.reflect
",java.lang.reflect
"
Errors
",Errors
"
java.lang.runtime
",java.lang.runtime
"
java.math
",java.math
"
java.net
",java.net
"
java.nio
",java.nio
"
java.nio.channels
",java.nio.channels
"
java.nio.channels.spi
",java.nio.channels.spi
"
java.nio.charset
",java.nio.charset
"
Errors
",Errors
"
java.nio.charset.spi
",java.nio.charset.spi
"
java.nio.file
",java.nio.file
"
java.nio.file.attribute
",java.nio.file.attribute
"
java.nio.file.spi
",java.nio.file.spi
"
java.security
",java.security
"
java.security.acl
",java.security.acl
"
java.security.cert
",java.security.cert
"
java.security.interfaces
",java.security.interfaces
"
java.security.spec
",java.security.spec
"
java.sql
",java.sql
"
java.text
",java.text
"
java.time
",java.time
"
java.time.chrono
",java.time.chrono
"
java.time.format
",java.time.format
"
java.time.temporal
",java.time.temporal
"
java.time.zone
",java.time.zone
"
java.util
",java.util
"
Errors
",Errors
"
java.util.concurrent
",java.util.concurrent
"
java.util.concurrent.atomic
",java.util.concurrent.atomic
"
java.util.concurrent.locks
",java.util.concurrent.locks
"
java.util.function
",java.util.function
"
java.util.jar
",java.util.jar
"
java.util.logging
",java.util.logging
"
java.util.prefs
",java.util.prefs
"
java.util.regex
",java.util.regex
"
java.util.stream
",java.util.stream
"
java.util.zip
",java.util.zip
"
Errors
",Errors
"
javax.annotation.processing
",javax.annotation.processing
"
Annotations
",Annotations
"
javax.crypto
",javax.crypto
"
javax.crypto.interfaces
",javax.crypto.interfaces
"
javax.crypto.spec
",javax.crypto.spec
"
javax.microedition.khronos.egl
",javax.microedition.khronos.egl
"
javax.microedition.khronos.opengles
",javax.microedition.khronos.opengles
"
javax.net
",javax.net
"
javax.net.ssl
",javax.net.ssl
"
javax.security.auth
",javax.security.auth
"
javax.security.auth.callback
",javax.security.auth.callback
"
javax.security.auth.login
",javax.security.auth.login
"
javax.security.auth.x500
",javax.security.auth.x500
"
javax.security.cert
",javax.security.cert
"
javax.sql
",javax.sql
"
javax.xml
",javax.xml
"
javax.xml.datatype
",javax.xml.datatype
"
javax.xml.namespace
",javax.xml.namespace
"
javax.xml.parsers
",javax.xml.parsers
"
Errors
",Errors
"
javax.xml.transform
",javax.xml.transform
"
Errors
",Errors
"
javax.xml.transform.dom
",javax.xml.transform.dom
"
javax.xml.transform.sax
",javax.xml.transform.sax
"
javax.xml.transform.stream
",javax.xml.transform.stream
"
javax.xml.validation
",javax.xml.validation
"
javax.xml.xpath
",javax.xml.xpath
"
junit.framework
",junit.framework
"
Errors
",Errors
"
junit.runner
",junit.runner
"
org.apache.http.conn
",org.apache.http.conn
"
org.apache.http.conn.scheme
",org.apache.http.conn.scheme
"
org.apache.http.conn.ssl
",org.apache.http.conn.ssl
"
org.apache.http.params
",org.apache.http.params
"
org.json
",org.json
"
org.w3c.dom
",org.w3c.dom
"
org.w3c.dom.ls
",org.w3c.dom.ls
"
org.xml.sax
",org.xml.sax
"
org.xml.sax.ext
",org.xml.sax.ext
"
org.xml.sax.helpers
",org.xml.sax.helpers
"
org.xmlpull.v1
",org.xmlpull.v1
"
org.xmlpull.v1.sax2
",org.xmlpull.v1.sax2
